hedId	rdfs:label	omn:SubClassOf	Attributes	dc:description
	deca	TestlibUnitModifier	SIUnitModifier	SI unit multiple representing 10^1
	da	TestlibUnitModifier	SIUnitSymbolModifier	SI unit multiple representing 10^1
	hecto	TestlibUnitModifier	SIUnitModifier	SI unit multiple representing 10^2
	h	TestlibUnitModifier	SIUnitSymbolModifier	SI unit multiple representing 10^2
	kilo	TestlibUnitModifier	SIUnitModifier	SI unit multiple representing 10^3
	k	TestlibUnitModifier	SIUnitSymbolModifier	SI unit multiple representing 10^3
	mega	TestlibUnitModifier	SIUnitModifier	SI unit multiple representing 10^6
	M	TestlibUnitModifier	SIUnitSymbolModifier	SI unit multiple representing 10^6
	giga	TestlibUnitModifier	SIUnitModifier	SI unit multiple representing 10^9
	G	TestlibUnitModifier	SIUnitSymbolModifier	SI unit multiple representing 10^9
	tera	TestlibUnitModifier	SIUnitModifier	SI unit multiple representing 10^12
	T	TestlibUnitModifier	SIUnitSymbolModifier	SI unit multiple representing 10^12
	peta	TestlibUnitModifier	SIUnitModifier	SI unit multiple representing 10^15
	P	TestlibUnitModifier	SIUnitSymbolModifier	SI unit multiple representing 10^15
	exa	TestlibUnitModifier	SIUnitModifier	SI unit multiple representing 10^18
	E	TestlibUnitModifier	SIUnitSymbolModifier	SI unit multiple representing 10^18
	zetta	TestlibUnitModifier	SIUnitModifier	SI unit multiple representing 10^21
	Z	TestlibUnitModifier	SIUnitSymbolModifier	SI unit multiple representing 10^21
	yotta	TestlibUnitModifier	SIUnitModifier	SI unit multiple representing 10^24
	Y	TestlibUnitModifier	SIUnitSymbolModifier	SI unit multiple representing 10^24
	deci	TestlibUnitModifier	SIUnitModifier	SI unit submultiple representing 10^-1
	d	TestlibUnitModifier	SIUnitSymbolModifier	SI unit submultiple representing 10^-1
	centi	TestlibUnitModifier	SIUnitModifier	SI unit submultiple representing 10^-2
	c	TestlibUnitModifier	SIUnitSymbolModifier	SI unit submultiple representing 10^-2
	milli	TestlibUnitModifier	SIUnitModifier	SI unit submultiple representing 10^-3
	m	TestlibUnitModifier	SIUnitSymbolModifier	SI unit submultiple representing 10^-3
	micro	TestlibUnitModifier	SIUnitModifier	SI unit submultiple representing 10^-6
	u	TestlibUnitModifier	SIUnitSymbolModifier	SI unit submultiple representing 10^-6
	nano	TestlibUnitModifier	SIUnitModifier	SI unit submultiple representing 10^-9
	n	TestlibUnitModifier	SIUnitSymbolModifier	SI unit submultiple representing 10^-9
	pico	TestlibUnitModifier	SIUnitModifier	SI unit submultiple representing 10^-12
	p	TestlibUnitModifier	SIUnitSymbolModifier	SI unit submultiple representing 10^-12
	femto	TestlibUnitModifier	SIUnitModifier	SI unit submultiple representing 10^-15
	f	TestlibUnitModifier	SIUnitSymbolModifier	SI unit submultiple representing 10^-15
	atto	TestlibUnitModifier	SIUnitModifier	SI unit submultiple representing 10^-18
	a	TestlibUnitModifier	SIUnitSymbolModifier	SI unit submultiple representing 10^-18
	zepto	TestlibUnitModifier	SIUnitModifier	SI unit submultiple representing 10^-21
	z	TestlibUnitModifier	SIUnitSymbolModifier	SI unit submultiple representing 10^-21
	yocto	TestlibUnitModifier	SIUnitModifier	SI unit submultiple representing 10^-24
	y	TestlibUnitModifier	SIUnitSymbolModifier	SI unit submultiple representing 10^-24
